Source,Target,Value,Color,"Node, Label",Link Color
0,13,1489,#a6cee3,Community Jan 1,"rgba(166,206,227,0.2)"
0,19,8777,,,"rgba(166,206,227,0.2)"
0,18,3648,,,"rgba(166,206,227,0.2)"
0,14,47618,,,"rgba(166,206,227,0.2)"
0,10,133799,,,"rgba(166,206,227,0.2)"
0,17,3633,,,"rgba(166,206,227,0.2)"
0,11,1506800,,,"rgba(166,206,227,0.2)"
0,16,185739,,,"rgba(166,206,227,0.2)"
0,15,4932,,,"rgba(166,206,227,0.2)"
1,19,1227,#1f78b4,Community Jan 2,"rgba(31,120,180,0.2)"
1,14,43109,,,"rgba(31,120,180,0.2)"
1,10,2147976,,,"rgba(31,120,180,0.2)"
1,11,116553,,,"rgba(31,120,180,0.2)"
1,16,16818,,,"rgba(31,120,180,0.2)"
1,15,1025,,,"rgba(31,120,180,0.2)"
2,13,79276,#b2df8a,Community Jan 3,"rgba(178,223,138,0.2)"
2,12,1251669,,,"rgba(178,223,138,0.2)"
3,19,8990,#33a02c,Community Jan 4,"rgba(51,160,44,0.2)"
3,18,5805,,,"rgba(51,160,44,0.2)"
3,12,1610,,,"rgba(51,160,44,0.2)"
3,14,770992,,,"rgba(51,160,44,0.2)"
3,10,53761,,,"rgba(51,160,44,0.2)"
3,17,227810,,,"rgba(51,160,44,0.2)"
3,11,39816,,,"rgba(51,160,44,0.2)"
3,16,19628,,,"rgba(51,160,44,0.2)"
3,15,1950,,,"rgba(51,160,44,0.2)"
4,13,1121665,#fb9a99,Community Jan 5,"rgba(251,154,153,0.2)"
4,12,82363,,,"rgba(251,154,153,0.2)"
5,14,1248,#e31aec,Community Jan 6,"rgba(227,26,28,0.2)"
5,10,1156,,,"rgba(227,26,28,0.2)"
5,11,3345,,,"rgba(227,26,28,0.2)"
5,16,1638,,,"rgba(227,26,28,0.2)"
5,15,797667,,,"rgba(227,26,28,0.2)"
6,19,17340,#fdbf6f,Community Jan 7,"rgba(253,191,111,0.2)"
6,18,671326,,,"rgba(253,191,111,0.2)"
6,14,6363,,,"rgba(253,191,111,0.2)"
6,11,2058,,,"rgba(253,191,111,0.2)"
7,19,1541,#ff7f00,Community Jan 8,"rgba(255,127,0,0.2)"
7,14,11073,,,"rgba(255,127,0,0.2)"
7,10,20903,,,"rgba(255,127,0,0.2)"
7,11,37158,,,"rgba(255,127,0,0.2)"
7,16,443090,,,"rgba(255,127,0,0.2)"
7,15,4537,,,"rgba(255,127,0,0.2)"
8,19,418508,#cab2d6,Community Jan 9,"rgba(202,178,214,0.2)"
8,18,11169,,,"rgba(202,178,214,0.2)"
8,14,8830,,,"rgba(202,178,214,0.2)"
8,10,1555,,,"rgba(202,178,214,0.2)"
8,11,5649,,,"rgba(202,178,214,0.2)"
8,16,1838,,,"rgba(202,178,214,0.2)"
9,13,117877,#6a3d9a,Community Jan 10,"rgba(106,61,154,0.2)"
9,12,53102,,,"rgba(106,61,154,0.2)"
9,11,1492,,,"rgba(106,61,154,0.2)"
10,21,118933,#a6cee3,Community Feb 1,"rgba(166,206,227,0.2)"
10,20,2156214,,,"rgba(166,206,227,0.2)"
10,27,1022,,,"rgba(166,206,227,0.2)"
10,25,47473,,,"rgba(166,206,227,0.2)"
10,24,1283,,,"rgba(166,206,227,0.2)"
10,29,1301,,,"rgba(166,206,227,0.2)"
11,21,1511714,#1f78b4,Community Feb 2,"rgba(31,120,180,0.2)"
11,20,125856,,,"rgba(31,120,180,0.2)"
11,28,2072,,,"rgba(31,120,180,0.2)"
11,27,3013,,,"rgba(31,120,180,0.2)"
11,25,41455,,,"rgba(31,120,180,0.2)"
11,24,3541,,,"rgba(31,120,180,0.2)"
11,29,5533,,,"rgba(31,120,180,0.2)"
12,22,1097601,#b2df8a,Community Feb 3,"rgba(178,223,138,0.2)"
12,26,482583,,,"rgba(178,223,138,0.2)"
12,23,75143,,,"rgba(178,223,138,0.2)"
13,21,1132,#33a02c,Community Feb 4,"rgba(51,160,44,0.2)"
13,22,71850,,,"rgba(51,160,44,0.2)"
13,26,24724,,,"rgba(51,160,44,0.2)"
13,23,1126669,,,"rgba(51,160,44,0.2)"
14,21,42929,#fb9a99,Community Feb 5,"rgba(251,154,153,0.2)"
14,20,49802,,,"rgba(251,154,153,0.2)"
14,22,1093,,,"rgba(251,154,153,0.2)"
14,28,6209,,,"rgba(251,154,153,0.2)"
14,27,49874,,,"rgba(251,154,153,0.2)"
14,25,677672,,,"rgba(251,154,153,0.2)"
14,24,1582,,,"rgba(251,154,153,0.2)"
14,29,8006,,,"rgba(251,154,153,0.2)"
15,21,3738,#e31aec,Community Feb 6,"rgba(227,26,28,0.2)"
15,20,1068,,,"rgba(227,26,28,0.2)"
15,25,1663,,,"rgba(227,26,28,0.2)"
15,24,840785,,,"rgba(227,26,28,0.2)"
16,21,190919,#fdbf6f,Community Feb 7,"rgba(253,191,111,0.2)"
16,20,18545,,,"rgba(253,191,111,0.2)"
16,25,17427,,,"rgba(253,191,111,0.2)"
16,24,2071,,,"rgba(253,191,111,0.2)"
16,29,1545,,,"rgba(253,191,111,0.2)"
17,21,2826,#ff7f00,Community Feb 8,"rgba(255,127,0,0.2)"
17,27,661286,,,"rgba(255,127,0,0.2)"
17,25,51321,,,"rgba(255,127,0,0.2)"
18,21,2957,#cab2d6,Community Feb 9,"rgba(202,178,214,0.2)"
18,28,683025,,,"rgba(202,178,214,0.2)"
18,25,5485,,,"rgba(202,178,214,0.2)"
18,29,10754,,,"rgba(202,178,214,0.2)"
19,21,7319,#6a3d9a,Community Feb 10,"rgba(106,61,154,0.2)"
19,20,1448,,,"rgba(106,61,154,0.2)"
19,28,16367,,,"rgba(106,61,154,0.2)"
19,25,9277,,,"rgba(106,61,154,0.2)"
19,29,398141,,,"rgba(106,61,154,0.2)"
20,36,1008,#a6cee3,Community Mar 1,"rgba(166,206,227,0.2)"
20,38,15023,,,"rgba(166,206,227,0.2)"
20,34,47896,,,"rgba(166,206,227,0.2)"
20,33,1032,,,"rgba(166,206,227,0.2)"
20,37,1936,,,"rgba(166,206,227,0.2)"
20,30,2263327,,,"rgba(166,206,227,0.2)"
20,31,98521,,,"rgba(166,206,227,0.2)"
20,39,1225,,,"rgba(166,206,227,0.2)"
21,36,3584,#1f78b4,Community Mar 2,"rgba(31,120,180,0.2)"
21,38,100033,,,"rgba(31,120,180,0.2)"
21,34,46458,,,"rgba(31,120,180,0.2)"
21,33,3908,,,"rgba(31,120,180,0.2)"
21,37,11847,,,"rgba(31,120,180,0.2)"
21,30,172840,,,"rgba(31,120,180,0.2)"
21,31,1578938,,,"rgba(31,120,180,0.2)"
21,39,7109,,,"rgba(31,120,180,0.2)"
21,32,1395,,,"rgba(31,120,180,0.2)"
22,32,131471,#b2df8a,Community Mar 3,"rgba(178,223,138,0.2)"
22,35,857308,,,"rgba(178,223,138,0.2)"
23,31,1278,#33a02c,Community Mar 4,"rgba(51,160,44,0.2)"
23,32,692082,,,"rgba(51,160,44,0.2)"
23,35,43638,,,"rgba(51,160,44,0.2)"
24,38,4319,#fb9a99,Community Mar 5,"rgba(251,154,153,0.2)"
24,34,1147,,,"rgba(251,154,153,0.2)"
24,33,832320,,,"rgba(251,154,153,0.2)"
24,30,1335,,,"rgba(251,154,153,0.2)"
24,31,4489,,,"rgba(251,154,153,0.2)"
25,36,60317,#e31aec,Community Mar 6,"rgba(227,26,28,0.2)"
25,38,12238,,,"rgba(227,26,28,0.2)"
25,34,633586,,,"rgba(227,26,28,0.2)"
25,33,2465,,,"rgba(227,26,28,0.2)"
25,37,6728,,,"rgba(227,26,28,0.2)"
25,30,50143,,,"rgba(227,26,28,0.2)"
25,31,45331,,,"rgba(227,26,28,0.2)"
25,39,8240,,,"rgba(227,26,28,0.2)"
26,32,28603,#fdbf6f,Community Mar 7,"rgba(253,191,111,0.2)"
26,35,25454,,,"rgba(253,191,111,0.2)"
27,36,716207,#ff7f00,Community Mar 8,"rgba(255,127,0,0.2)"
27,34,32758,,,"rgba(255,127,0,0.2)"
27,31,3491,,,"rgba(255,127,0,0.2)"
28,34,4716,#cab2d6,Community Mar 9,"rgba(202,178,214,0.2)"
28,37,694144,,,"rgba(202,178,214,0.2)"
28,31,2933,,,"rgba(202,178,214,0.2)"
28,39,11596,,,"rgba(202,178,214,0.2)"
29,38,1229,#6a3d9a,Community Mar 10,"rgba(106,61,154,0.2)"
29,34,7442,,,"rgba(106,61,154,0.2)"
29,37,10523,,,"rgba(106,61,154,0.2)"
29,30,1240,,,"rgba(106,61,154,0.2)"
29,31,7634,,,"rgba(106,61,154,0.2)"
29,39,399228,,,"rgba(106,61,154,0.2)"
30,43,1048,#a6cee3,Community Apr 1,"rgba(166,206,227,0.2)"
30,45,1035,,,"rgba(166,206,227,0.2)"
30,41,168102,,,"rgba(166,206,227,0.2)"
30,40,2301557,,,"rgba(166,206,227,0.2)"
30,46,16575,,,"rgba(166,206,227,0.2)"
30,44,44498,,,"rgba(166,206,227,0.2)"
31,43,3659,#1f78b4,Community Apr 2,"rgba(31,120,180,0.2)"
31,45,3836,,,"rgba(31,120,180,0.2)"
31,41,1453158,,,"rgba(31,120,180,0.2)"
31,48,2996,,,"rgba(31,120,180,0.2)"
31,42,1418,,,"rgba(31,120,180,0.2)"
31,40,93169,,,"rgba(31,120,180,0.2)"
31,46,107533,,,"rgba(31,120,180,0.2)"
31,44,36810,,,"rgba(31,120,180,0.2)"
32,41,1045,#b2df8a,Community Apr 3,"rgba(178,223,138,0.2)"
32,47,35012,,,"rgba(178,223,138,0.2)"
32,42,792952,,,"rgba(178,223,138,0.2)"
32,49,115546,,,"rgba(178,223,138,0.2)"
33,43,792162,#33a02c,Community Apr 4,"rgba(51,160,44,0.2)"
33,41,3257,,,"rgba(51,160,44,0.2)"
33,46,1798,,,"rgba(51,160,44,0.2)"
33,44,1019,,,"rgba(51,160,44,0.2)"
34,43,1072,#fb9a99,Community Apr 5,"rgba(251,154,153,0.2)"
34,45,35231,,,"rgba(251,154,153,0.2)"
34,41,49087,,,"rgba(251,154,153,0.2)"
34,48,4914,,,"rgba(251,154,153,0.2)"
34,40,46632,,,"rgba(251,154,153,0.2)"
34,46,16976,,,"rgba(251,154,153,0.2)"
34,44,589751,,,"rgba(251,154,153,0.2)"
35,47,707221,#e31aec,Community Apr 6,"rgba(227,26,28,0.2)"
35,42,50477,,,"rgba(227,26,28,0.2)"
35,49,12492,,,"rgba(227,26,28,0.2)"
36,45,750390,#fdbf6f,Community Apr 7,"rgba(253,191,111,0.2)"
36,41,3111,,,"rgba(253,191,111,0.2)"
36,44,35396,,,"rgba(253,191,111,0.2)"
37,41,10525,#ff7f00,Community Apr 8,"rgba(255,127,0,0.2)"
37,48,684196,,,"rgba(255,127,0,0.2)"
37,40,1862,,,"rgba(255,127,0,0.2)"
37,44,5121,,,"rgba(255,127,0,0.2)"
38,43,2153,#cab2d6,Community Apr 9,"rgba(202,178,214,0.2)"
38,41,64712,,,"rgba(202,178,214,0.2)"
38,40,13311,,,"rgba(202,178,214,0.2)"
38,46,467751,,,"rgba(202,178,214,0.2)"
38,44,9602,,,"rgba(202,178,214,0.2)"
39,41,5641,#6a3d9a,Community Apr 10,"rgba(106,61,154,0.2)"
39,48,10529,,,"rgba(106,61,154,0.2)"
39,40,1091,,,"rgba(106,61,154,0.2)"
39,46,1787,,,"rgba(106,61,154,0.2)"
39,44,7120,,,"rgba(106,61,154,0.2)"
40,52,16729,#a6cee3,Community Maj 1,"rgba(166,206,227,0.2)"
40,51,128690,,,"rgba(166,206,227,0.2)"
40,50,2227102,,,"rgba(166,206,227,0.2)"
40,54,48753,,,"rgba(166,206,227,0.2)"
40,55,1059,,,"rgba(166,206,227,0.2)"
41,52,400884,#1f78b4,Community Maj 2,"rgba(31,120,180,0.2)"
41,51,1175927,,,"rgba(31,120,180,0.2)"
41,53,2888,,,"rgba(31,120,180,0.2)"
41,57,2091,,,"rgba(31,120,180,0.2)"
41,50,103073,,,"rgba(31,120,180,0.2)"
41,54,42277,,,"rgba(31,120,180,0.2)"
41,55,2896,,,"rgba(31,120,180,0.2)"
42,58,32894,#b2df8a,Community Maj 3,"rgba(178,223,138,0.2)"
42,51,1115,,,"rgba(178,223,138,0.2)"
42,56,635316,,,"rgba(178,223,138,0.2)"
42,59,78263,,,"rgba(178,223,138,0.2)"
43,52,1878,#33a02c,Community Maj 4,"rgba(51,160,44,0.2)"
43,51,2705,,,"rgba(51,160,44,0.2)"
43,53,814163,,,"rgba(51,160,44,0.2)"
43,54,1310,,,"rgba(51,160,44,0.2)"
44,52,24352,#fb9a99,Community Maj 5,"rgba(251,154,153,0.2)"
44,51,33337,,,"rgba(251,154,153,0.2)"
44,53,1060,,,"rgba(251,154,153,0.2)"
44,57,4593,,,"rgba(251,154,153,0.2)"
44,50,41518,,,"rgba(251,154,153,0.2)"
44,54,558600,,,"rgba(251,154,153,0.2)"
44,55,37960,,,"rgba(251,154,153,0.2)"
45,51,2766,#e31aec,Community Maj 6,"rgba(227,26,28,0.2)"
45,54,31574,,,"rgba(227,26,28,0.2)"
45,55,765036,,,"rgba(227,26,28,0.2)"
46,52,516157,#fdbf6f,Community Maj 7,"rgba(255,127,0,0.2)"
46,51,24134,,,"rgba(255,127,0,0.2)"
46,53,1762,,,"rgba(255,127,0,0.2)"
46,50,13552,,,"rgba(255,127,0,0.2)"
46,54,10486,,,"rgba(255,127,0,0.2)"
47,58,617172,#ff7f00,Community Maj 8,"rgba(255,127,0,0.2)"
47,56,30499,,,"rgba(255,127,0,0.2)"
47,59,12928,,,"rgba(255,127,0,0.2)"
48,51,1977,#cab2d6,Community Maj 9,"rgba(202,178,214,0.2)"
48,57,677480,,,"rgba(202,178,214,0.2)"
48,54,6193,,,"rgba(202,178,214,0.2)"
49,58,8083,#6a3d9a,Community Maj 10,"rgba(106,61,154,0.2)"
49,56,41551,,,"rgba(106,61,154,0.2)"
49,59,544345,,,"rgba(106,61,154,0.2)"
,,,#a6cee3,Community Jun 1,"rgba(166,206,227,0.2)"
,,,#1f78b4,Community Jun 2,"rgba(31,120,180,0.2)"
,,,#b2df8a,Community Jun 3,"rgba(178,223,138,0.2)"
,,,#33a02c,Community Jun 4,"rgba(51,160,44,0.2)"
,,,#fb9a99,Community Jun 5,"rgba(251,154,153,0.2)"
,,,#e31aec,Community Jun 6,"rgba(227,26,28,0.2)"
,,,#fdbf6f,Community Jun 7,"rgba(253,191,111,0.2)"
,,,#ff7f00,Community Jun 8,"rgba(255,127,0,0.2)"
,,,#cab2d6,Community Jun 9,"rgba(202,178,214,0.2)"
,,,#6a3d9a,Community Jun 10,"rgba(106,61,154,0.2)"
